<?xml version="1.0" encoding="Windows-1252"?>
<ArrayOfBodyClothSlots xmlns:xsi="http://www.w3.org/2001/XMLSchema-instance" xmlns:xsd="http://www.w3.org/2001/XMLSchema">
  <BodyClothSlots>
    <IDStructure>2</IDStructure>
    <IDSlot>1</IDSlot>
    <SlotName>Hands</SlotName>
    <ObjectName>cloth_gloves</ObjectName>
  </BodyClothSlots>
  <BodyClothSlots>
    <IDStructure>2</IDStructure>
    <IDSlot>2</IDSlot>
    <SlotName>Head</SlotName>
    <ObjectName>cloth_hair</ObjectName>
  </BodyClothSlots>
  <BodyClothSlots>
    <IDStructure>2</IDStructure>
    <IDSlot>3</IDSlot>
    <SlotName>Legs</SlotName>
    <ObjectName>cloth_lower</ObjectName>
  </BodyClothSlots>
  <BodyClothSlots>
    <IDStructure>2</IDStructure>
    <IDSlot>4</IDSlot>
    <SlotName>Torso</SlotName>
    <ObjectName>cloth_upper</ObjectName>
  </BodyClothSlots>
  <BodyClothSlots>
    <IDStructure>2</IDStructure>
    <IDSlot>5</IDSlot>
    <SlotName>Feet</SlotName>
    <ObjectName>cloth_shoes</ObjectName>
  </BodyClothSlots>
  <BodyClothSlots>
    <IDStructure>1</IDStructure>
    <IDSlot>1</IDSlot>
    <SlotName>Head</SlotName>
    <ObjectName>head</ObjectName>
  </BodyClothSlots>
  <BodyClothSlots>
    <IDStructure>1</IDStructure>
    <IDSlot>2</IDSlot>
    <SlotName>Torso</SlotName>
    <ObjectName>upper_body</ObjectName>
  </BodyClothSlots>
  <BodyClothSlots>
    <IDStructure>1</IDStructure>
    <IDSlot>3</IDSlot>
    <SlotName>Legs</SlotName>
    <ObjectName>lower_body</ObjectName>
  </BodyClothSlots>
  <BodyClothSlots>
    <IDStructure>1</IDStructure>
    <IDSlot>4</IDSlot>
    <SlotName>Feet</SlotName>
    <ObjectName>feet</ObjectName>
  </BodyClothSlots>
  <BodyClothSlots>
    <IDStructure>1</IDStructure>
    <IDSlot>5</IDSlot>
    <SlotName>Hands</SlotName>
    <ObjectName>hands</ObjectName>
  </BodyClothSlots>
  <BodyClothSlots>
    <IDStructure>1</IDStructure>
    <IDSlot>6</IDSlot>
    <SlotName>Ears</SlotName>
    <ObjectName>ears</ObjectName>
  </BodyClothSlots>
</ArrayOfBodyClothSlots>