<?xml version="1.0" encoding="Windows-1252"?>
<ArrayOfClothSlots xmlns:xsi="http://www.w3.org/2001/XMLSchema-instance" xmlns:xsd="http://www.w3.org/2001/XMLSchema">
  <ClothSlots>
    <ClothID>3</ClothID>
    <ClothSlot>4</ClothSlot>
  </ClothSlots>
  <ClothSlots>
    <ClothID>4</ClothID>
    <ClothSlot>1</ClothSlot>
  </ClothSlots>
  <ClothSlots>
    <ClothID>4</ClothID>
    <ClothSlot>2</ClothSlot>
  </ClothSlots>
  <ClothSlots>
    <ClothID>4</ClothID>
    <ClothSlot>3</ClothSlot>
  </ClothSlots>
  <ClothSlots>
    <ClothID>4</ClothID>
    <ClothSlot>4</ClothSlot>
  </ClothSlots>
  <ClothSlots>
    <ClothID>4</ClothID>
    <ClothSlot>5</ClothSlot>
  </ClothSlots>
  <ClothSlots>
    <ClothID>4</ClothID>
    <ClothSlot>6</ClothSlot>
  </ClothSlots>
  <ClothSlots>
    <ClothID>5</ClothID>
    <ClothSlot>2</ClothSlot>
  </ClothSlots>
  <ClothSlots>
    <ClothID>5</ClothID>
    <ClothSlot>3</ClothSlot>
  </ClothSlots>
  <ClothSlots>
    <ClothID>5</ClothID>
    <ClothSlot>4</ClothSlot>
  </ClothSlots>
  <ClothSlots>
    <ClothID>5</ClothID>
    <ClothSlot>5</ClothSlot>
  </ClothSlots>
  <ClothSlots>
    <ClothID>5</ClothID>
    <ClothSlot>6</ClothSlot>
  </ClothSlots>
  <ClothSlots>
    <ClothID>2</ClothID>
    <ClothSlot>2</ClothSlot>
  </ClothSlots>
  <ClothSlots>
    <ClothID>6</ClothID>
    <ClothSlot>3</ClothSlot>
  </ClothSlots>
  <ClothSlots>
    <ClothID>7</ClothID>
    <ClothSlot>4</ClothSlot>
  </ClothSlots>
  <ClothSlots>
    <ClothID>8</ClothID>
    <ClothSlot>4</ClothSlot>
  </ClothSlots>
  <ClothSlots>
    <ClothID>9</ClothID>
    <ClothSlot>3</ClothSlot>
  </ClothSlots>
  <ClothSlots>
    <ClothID>10</ClothID>
    <ClothSlot>3</ClothSlot>
  </ClothSlots>
  <ClothSlots>
    <ClothID>11</ClothID>
    <ClothSlot>3</ClothSlot>
  </ClothSlots>
  <ClothSlots>
    <ClothID>11</ClothID>
    <ClothSlot>4</ClothSlot>
  </ClothSlots>
  <ClothSlots>
    <ClothID>12</ClothID>
    <ClothSlot>5</ClothSlot>
  </ClothSlots>
  <ClothSlots>
    <ClothID>13</ClothID>
    <ClothSlot>3</ClothSlot>
  </ClothSlots>
  <ClothSlots>
    <ClothID>14</ClothID>
    <ClothSlot>3</ClothSlot>
  </ClothSlots>
  <ClothSlots>
    <ClothID>15</ClothID>
    <ClothSlot>3</ClothSlot>
  </ClothSlots>
  <ClothSlots>
    <ClothID>16</ClothID>
    <ClothSlot>5</ClothSlot>
  </ClothSlots>
  <ClothSlots>
    <ClothID>17</ClothID>
    <ClothSlot>4</ClothSlot>
  </ClothSlots>
  <ClothSlots>
    <ClothID>18</ClothID>
    <ClothSlot>4</ClothSlot>
  </ClothSlots>
  <ClothSlots>
    <ClothID>19</ClothID>
    <ClothSlot>4</ClothSlot>
  </ClothSlots>
</ArrayOfClothSlots>