<?xml version="1.0" encoding="Windows-1252"?>
<ArrayOfClothModels xmlns:xsi="http://www.w3.org/2001/XMLSchema-instance" xmlns:xsd="http://www.w3.org/2001/XMLSchema">
  <ClothModels>
    <ClothID>3</ClothID>
    <IDBodySubtype>1</IDBodySubtype>
    <ModelName>male_shoes</ModelName>
  </ClothModels>
  <ClothModels>
    <ClothID>3</ClothID>
    <IDBodySubtype>2</IDBodySubtype>
    <ModelName>female_boots</ModelName>
  </ClothModels>
  <ClothModels>
    <ClothID>4</ClothID>
    <IDBodySubtype>1</IDBodySubtype>
    <ModelName>male_mummy</ModelName>
  </ClothModels>
  <ClothModels>
    <ClothID>4</ClothID>
    <IDBodySubtype>2</IDBodySubtype>
    <ModelName>female_mummy</ModelName>
  </ClothModels>
  <ClothModels>
    <ClothID>5</ClothID>
    <IDBodySubtype>1</IDBodySubtype>
    <ModelName>panda</ModelName>
  </ClothModels>
  <ClothModels>
    <ClothID>5</ClothID>
    <IDBodySubtype>2</IDBodySubtype>
    <ModelName>panda</ModelName>
  </ClothModels>
  <ClothModels>
    <ClothID>2</ClothID>
    <IDBodySubtype>1</IDBodySubtype>
    <ModelName>male_shirt</ModelName>
  </ClothModels>
  <ClothModels>
    <ClothID>2</ClothID>
    <IDBodySubtype>2</IDBodySubtype>
    <ModelName>female_shirt</ModelName>
  </ClothModels>
  <ClothModels>
    <ClothID>6</ClothID>
    <IDBodySubtype>1</IDBodySubtype>
    <ModelName>male_pants</ModelName>
  </ClothModels>
  <ClothModels>
    <ClothID>6</ClothID>
    <IDBodySubtype>2</IDBodySubtype>
    <ModelName>female_skirt</ModelName>
  </ClothModels>
  <ClothModels>
    <ClothID>7</ClothID>
    <IDBodySubtype>3</IDBodySubtype>
    <ModelName>Chibi/jumper_black</ModelName>
  </ClothModels>
  <ClothModels>
    <ClothID>8</ClothID>
    <IDBodySubtype>3</IDBodySubtype>
    <ModelName>Chibi/jumper_red</ModelName>
  </ClothModels>
  <ClothModels>
    <ClothID>9</ClothID>
    <IDBodySubtype>3</IDBodySubtype>
    <ModelName>Chibi/pants_blue</ModelName>
  </ClothModels>
  <ClothModels>
    <ClothID>10</ClothID>
    <IDBodySubtype>3</IDBodySubtype>
    <ModelName>Chibi/pants_caqui</ModelName>
  </ClothModels>
  <ClothModels>
    <ClothID>11</ClothID>
    <IDBodySubtype>3</IDBodySubtype>
    <ModelName>Chibi/robes_gray</ModelName>
  </ClothModels>
  <ClothModels>
    <ClothID>12</ClothID>
    <IDBodySubtype>3</IDBodySubtype>
    <ModelName>Chibi/shoes</ModelName>
  </ClothModels>
  <ClothModels>
    <ClothID>13</ClothID>
    <IDBodySubtype>3</IDBodySubtype>
    <ModelName>Chibi/shorts_black</ModelName>
  </ClothModels>
  <ClothModels>
    <ClothID>14</ClothID>
    <IDBodySubtype>3</IDBodySubtype>
    <ModelName>Chibi/shorts_blue</ModelName>
  </ClothModels>
  <ClothModels>
    <ClothID>15</ClothID>
    <IDBodySubtype>3</IDBodySubtype>
    <ModelName>Chibi/shorts_red</ModelName>
  </ClothModels>
  <ClothModels>
    <ClothID>16</ClothID>
    <IDBodySubtype>3</IDBodySubtype>
    <ModelName>Chibi/sneakers</ModelName>
  </ClothModels>
  <ClothModels>
    <ClothID>17</ClothID>
    <IDBodySubtype>3</IDBodySubtype>
    <ModelName>Chibi/tshirt_catears</ModelName>
  </ClothModels>
  <ClothModels>
    <ClothID>18</ClothID>
    <IDBodySubtype>3</IDBodySubtype>
    <ModelName>Chibi/tshirt_orange</ModelName>
  </ClothModels>
  <ClothModels>
    <ClothID>19</ClothID>
    <IDBodySubtype>3</IDBodySubtype>
    <ModelName>Chibi/tshirt_pink</ModelName>
  </ClothModels>
</ArrayOfClothModels>