<?xml version="1.0" encoding="Windows-1252"?>
<ArrayOfEyeMaterial xmlns:xsi="http://www.w3.org/2001/XMLSchema-instance" xmlns:xsd="http://www.w3.org/2001/XMLSchema">
  <EyeMaterial>
    <ID>1</ID>
    <IDEyeSkin>1</IDEyeSkin>
    <IDObject>1</IDObject>
    <MaterialName>eyes/eyes_blue</MaterialName>
  </EyeMaterial>
  <EyeMaterial>
    <ID>2</ID>
    <IDEyeSkin>1</IDEyeSkin>
    <IDObject>2</IDObject>
    <MaterialName>eyes/eyes_blue</MaterialName>
  </EyeMaterial>
  <EyeMaterial>
    <ID>1</ID>
    <IDEyeSkin>2</IDEyeSkin>
    <IDObject>1</IDObject>
    <MaterialName>eyes/eyes_green</MaterialName>
  </EyeMaterial>
  <EyeMaterial>
    <ID>2</ID>
    <IDEyeSkin>2</IDEyeSkin>
    <IDObject>2</IDObject>
    <MaterialName>eyes/eyes_green</MaterialName>
  </EyeMaterial>
  <EyeMaterial>
    <ID>1</ID>
    <IDEyeSkin>3</IDEyeSkin>
    <IDObject>1</IDObject>
    <MaterialName>eyes/eyes_zombie</MaterialName>
  </EyeMaterial>
  <EyeMaterial>
    <ID>2</ID>
    <IDEyeSkin>3</IDEyeSkin>
    <IDObject>2</IDObject>
    <MaterialName>eyes/eyes_zombie</MaterialName>
  </EyeMaterial>
  <EyeMaterial>
    <ID>1</ID>
    <IDEyeSkin>4</IDEyeSkin>
    <IDObject>1</IDObject>
    <MaterialName>eyes/eyes_brown</MaterialName>
  </EyeMaterial>
  <EyeMaterial>
    <ID>2</ID>
    <IDEyeSkin>4</IDEyeSkin>
    <IDObject>2</IDObject>
    <MaterialName>eyes/eyes_brown</MaterialName>
  </EyeMaterial>
  <EyeMaterial>
    <ID>1</ID>
    <IDEyeSkin>5</IDEyeSkin>
    <IDObject>1</IDObject>
    <MaterialName>eyes/eyes_zombie</MaterialName>
  </EyeMaterial>
  <EyeMaterial>
    <ID>2</ID>
    <IDEyeSkin>5</IDEyeSkin>
    <IDObject>2</IDObject>
    <MaterialName>eyes/eyes_blue</MaterialName>
  </EyeMaterial>
</ArrayOfEyeMaterial>