<?xml version="1.0" encoding="Windows-1252"?>
<ArrayOfPropModels xmlns:xsi="http://www.w3.org/2001/XMLSchema-instance" xmlns:xsd="http://www.w3.org/2001/XMLSchema">
  <PropModels>
    <PropID>1</PropID>
    <IDBodySubtype>1</IDBodySubtype>
    <ModelName>sheriff_hat</ModelName>
  </PropModels>
  <PropModels>
    <PropID>1</PropID>
    <IDBodySubtype>2</IDBodySubtype>
    <ModelName>sheriff_hat</ModelName>
  </PropModels>
  <PropModels>
    <PropID>2</PropID>
    <IDBodySubtype>3</IDBodySubtype>
    <ModelName>hair_male_red</ModelName>
  </PropModels>
  <PropModels>
    <PropID>3</PropID>
    <IDBodySubtype>3</IDBodySubtype>
    <ModelName>wintercap</ModelName>
  </PropModels>
  <PropModels>
    <PropID>4</PropID>
    <IDBodySubtype>3</IDBodySubtype>
    <ModelName>hair_male_blonde</ModelName>
  </PropModels>
  <PropModels>
    <PropID>5</PropID>
    <IDBodySubtype>3</IDBodySubtype>
    <ModelName>hair_male_brown</ModelName>
  </PropModels>
</ArrayOfPropModels>